trial,label,t_edge,t_onset,lat_lo,lat_hi,sigma_vh,v_peak,a_peak,t_apeak,dir_err_deg,d0.05,d0.1,d0.15,d0.2,d0.3,d0.4,d0.5,v0.05,v0.1,v0.15,v0.2,v0.3,v0.4,v0.5
0,+Y,462.633196,462.551196,0.0,0.018000000000006372,0.03028992820654664,1.5350613874061143,2.428702381834614,0.20699999999999363,0.2095762856256681,0.027055390222590316,0.04336039038805631,0.06484909762391797,0.09193634661800835,0.16342066987204099,0.2570850486506562,0.36958901825966,0.2951936000877613,0.3920925961840731,0.4990666586550084,0.6123368585323384,0.842903606460652,1.0516502493600106,1.2226311636366147
1,-Y,809.7331959999999,809.661196,0.0,0.028000000000110964,0.03672730389339288,1.490633011100611,2.42881167273389,0.16699999999991633,179.41056116655295,0.033985275365440416,0.05297110094834277,0.07740028063061592,0.1075480340580177,0.18510794941799671,0.28410158041106415,0.4010364431248065,0.3475951466263592,0.45192421718490033,0.5641170916144691,0.6799499656799222,0.9084869044984056,1.1084462677374527,1.2661483707005468
2,+X,818.033196,817.941196,0.0,0.008000000000015467,0.021754864185614956,1.4873704478813414,2.411827309322329,0.26699999999993906,90.03968923596467,0.018717556411459328,0.03138199587920605,0.04872288776128296,0.07129951833064967,0.13336344435958622,0.21795591293353606,0.3228694471431358,0.22721687698072157,0.31231805005749613,0.4113867790978081,0.5202049411573211,0.7486045137180276,0.9683934563216906,1.1555362035441028
3,-X,826.433196,826.361196,0.0,0.027999999999997277,0.036651507692308787,1.5346266506642863,2.4581133323540016,0.21699999999998454,179.93172036728762,0.03308810185920569,0.051937903223786185,0.07641101191229245,0.10685078797983674,0.18586896754985746,0.28739102218514806,0.4075679237567715,0.35274067895007205,0.45870470665777735,0.5756131011092317,0.697509453226451,0.9354203598990347,1.1435423129994133,1.3087299875241525
4,+Y,834.8331959999999,834.736196,0.0,0.0030000000000200144,0.02706121147011349,1.4991777140252625,2.481801125808703,0.21199999999998909,90.58110876642797,0.02453593438625881,0.040521931303241214,0.06188730673765131,0.08910980842921096,0.16186366876657535,0.2579612626931538,0.37375671362253227,0.27535350434728534,0.37630994432758313,0.4882656882959203,0.6091766711707864,0.8530434990429285,1.071372792681962,1.247496094991403
5,-Y,843.133196,843.038196,0.0,0.004999999999972721,0.021092982249211766,1.4962387597272127,2.45292337044154,0.2880000000000109,179.66193209287334,0.017849252254180784,0.030248181243312074,0.04732878319620819,0.06969544494536184,0.13160830992405212,0.21659962022505827,0.3222911567685451,0.2171079751690174,0.3031114840533892,0.40351060076939543,0.515094720135565,0.749926362002483,0.9705574211140074,1.1592081454787642
6,+X,851.533196,851.441196,0.0,0.008000000000015467,0.022600823817128992,1.5025579731275736,2.471002276934196,0.2619999999999436,90.00789965442604,0.018917086144084643,0.031678214159583065,0.04916214403259875,0.07197919890963153,0.13491545541444797,0.22094848599864336,0.32762474054964763,0.22307136954632015,0.30833619097180015,0.40813853269505135,0.519052581026299,0.7532971883627202,0.9761481648141999,1.1680267900554244
7,-X,859.933196,859.856196,0.0,0.023000000000001825,0.034696756196504176,1.5368109432079977,2.47140698003556,0.21500000000003183,179.92561397361837,0.03034110822064243,0.048383224919451434,0.07204276853647258,0.10170235906222069,0.17929457056888687,0.279733739289513,0.39920758371182674,0.3341973573805151,0.44005090317418033,0.5570114423846729,0.6796795129378551,0.9204100464031051,1.1320566874146454,1.3008288181706171
8,+Y,868.3331959999999,868.258196,0.0,0.025000000000068218,0.03510803595007845,1.4989748970496624,2.4516605518707015,0.2179999999999609,89.48487302293329,0.03152465788204622,0.049810192251274435,0.07365688868392684,0.10340668615050652,0.18097034146983504,0.2809367544487563,0.39934905242504437,0.3355829981049331,0.4408504725527729,0.5568193215654458,0.6773739952443911,0.9142996801169663,1.1218732511641838,1.2846891992728584
9,-Y,876.633196,876.538196,0.0,0.004999999999972721,0.021440778192239322,1.4886477529605724,2.4472814548998865,0.26499999999998636,179.4149921800142,0.017558001165333452,0.029745258889496272,0.04651988589490453,0.06847691960338395,0.12940688923630433,0.21322273988952417,0.31769902747224193,0.21914406518559323,0.30158336422682,0.398504861504844,0.506856382742915,0.7377658310667399,0.961337509264297,1.1516541216590166
10,+X,885.033196,884.946196,0.0,0.01300000000001092,0.023226273935314155,1.5018016675056232,2.4716206666516483,0.2519999999999527,89.9736531448153,0.019875308424095125,0.03306226135877743,0.05100572869575556,0.07428658505729935,0.13819248999300843,0.22516840101735447,0.33259445279150857,0.23380711603253418,0.3235038416728505,0.42479645355974394,0.5345865517321492,0.7674978948657194,0.9896205197013455,1.1760534550614916
11,-X,893.433196,893.3581959999999,0.0,0.02499999999995453,0.035563611993574946,1.5444620908063342,2.499033113451867,0.18500000000005912,179.82909406738676,0.03218123353314057,0.050842056938168255,0.07516525297023752,0.10553759919719616,0.18473140656038659,0.28680116005428785,0.40798517847828997,0.3369974721348927,0.4440768793235524,0.5610951443762477,0.6848884922583379,0.9279258958691607,1.1392472378567657,1.308746954704794
12,+Y,901.8331959999999,901.7561959999999,0.0,0.023000000000001825,0.03446977930558815,1.498524113482567,2.4607972474369357,0.22199999999998,89.24566754155583,0.030943424899818942,0.04913857338777992,0.07290719243841663,0.10261363669081652,0.1802177591044317,0.28038024522540744,0.3991819353788581,0.324076600490629,0.4308219753979292,0.5470462206399352,0.6674077372922851,0.906506515868775,1.1163277383367893,1.278824359456615
13,-Y,910.133196,910.033196,0.0,-2.273181642920008e-14,0.019900409471075044,1.5013283188989266,2.460917277311095,0.27499999999997726,179.63962185378722,0.017000852792248177,0.02900222225774305,0.04558623844836703,0.06740770207801303,0.12827054648565966,0.21236994281104168,0.3175980087702022,0.2015314254159597,0.28520573707142205,0.383837513642849,0.493537257825547,0.7293658265594338,0.9567489112116472,1.149161701256975
14,+X,918.533196,918.438196,0.0,0.004999999999972721,0.021681488750634147,1.4981124773035388,2.469922423697474,0.26499999999998636,89.781334742699,0.017882253693283327,0.030276390519986474,0.04735349922812554,0.06971961666083382,0.13169621790485125,0.21681051989450065,0.3226369478845543,0.21723772076386666,0.3016197069140024,0.40046002019324944,0.5106592626408206,0.7444137103007855,0.9694175745208601,1.1602670809308615
15,-X,926.933196,926.856196,0.0,0.023000000000001825,0.034985295747523654,1.5436887413248497,2.500642226731451,0.21699999999998454,179.6721401176886,0.03179208125274591,0.050312042628541644,0.07447640247619235,0.10466294064442988,0.18350811831567698,0.2853609448632083,0.40632080340213583,0.33323066075458946,0.43971730108116647,0.5574771673439283,0.680929182512615,0.9235834738514844,1.1365407483363126,1.3060458654572977
16,+Y,935.2331959999999,935.1211959999999,0.0,-0.011999999999966343,0.015404778718808191,1.50665160552356,2.494398002769233,0.29500000000007276,89.54030905867107,0.013673943545692938,0.024301013089167153,0.03934788794856116,0.05958091328778006,0.11762705890328752,0.20013955215648033,0.3051294949844416,0.17220855369733712,0.2523793845019268,0.34839719071431174,0.457499563891276,0.7009957470354108,0.940772070174826,1.1468729289125374
17,-Y,943.633196,943.533196,0.0,-2.273181642920008e-14,0.019750519694665743,1.504214540347647,2.466530528365371,0.2899999999999636,179.57386244821188,0.01739356930232408,0.02955529334986,0.04634802632717651,0.06839194236673585,0.12965472495463226,0.21412762845673644,0.31959954897198967,0.2055274854039137,0.2903134222112748,0.3899061738085139,0.5007886364859213,0.7364943236275744,0.9593041334958079,1.151087876254448
18,+X,952.033196,951.966196,0.0,0.03299999999999273,0.038243615357094224,1.5119920139139789,2.476288125192827,0.18999999999994088,90.45705238867606,0.035751477571065955,0.05537195158286049,0.08052739636116654,0.1115035702737667,0.19097871966858218,0.2921380386692689,0.4112591708734022,0.3614014786067342,0.46897709289658196,0.5848384309569326,0.70294931060873,0.9300094046988173,1.1299466629217136,1.288923297936839
19,-X,960.433196,960.3581959999999,0.0,0.02499999999995453,0.03563459262653218,1.5415763653896006,2.4847151865394674,0.20000000000004547,179.68279893008545,0.03304747620202976,0.05190444007604888,0.07642263566681029,0.10696748688049572,0.18642846730766016,0.2887015145443171,0.4100188037446925,0.33707356767535357,0.4456376301456697,0.563406160872147,0.6851953736330194,0.926859469886434,1.138861936835106,1.306303855831738
20,+Y,968.8331959999999,968.758196,0.0,0.025000000000068218,0.03482879560829598,1.5037852767684619,2.4798262680772685,0.19499999999993634,89.03091803660095,0.03113783137487809,0.0493957087423393,0.07327534555575135,0.10318346067812621,0.18128000509849684,0.28199548417420583,0.4012428393005911,0.3311503834626908,0.4380973541479268,0.5563362376459114,0.6789907092563473,0.9178818288663527,1.1267060648726377,1.2884930388691793
21,-Y,977.133196,977.0111959999999,0.0,-0.022000000000070935,0.0138056437006092,1.4955885268016005,2.483958268147009,0.26700000000005275,179.81316555289396,0.012961278614838612,0.02319399991860051,0.03770765819906773,0.05721214047241595,0.11310549424837488,0.1924171714732994,0.29346604117547526,0.16317285383399863,0.2382882709024484,0.33097541188251367,0.43641937182682716,0.6693332272014502,0.9010987235989018,1.1038489792114505
22,+X,985.533196,985.466196,0.0,0.03299999999999273,0.0381541042857385,1.4917920378704133,2.4452857029546156,0.20199999999999818,89.69042982416676,0.03553624428542816,0.05495925045082735,0.0798531399637606,0.11050116985322225,0.1891599733127176,0.2892186688319501,0.40698624512952486,0.36198691402047856,0.467592566783625,0.5790527639754961,0.6942596532353712,0.9210339408508316,1.1185924790227613,1.277049732981206
23,-X,993.933196,993.861196,0.0,0.027999999999997277,0.03610412092405774,1.5305784339426307,2.4768709972678598,0.20199999999999818,179.87426886223716,0.03312281158493341,0.052054302152871046,0.07662946051478066,0.10722939678272504,0.18670518559308802,0.2886948253964009,0.40929600555228035,0.34577612233221816,0.4539213906693874,0.571146655486397,0.6927974722041566,0.9326287398857273,1.1409907840013356,1.3039067306009362
24,+Y,1002.2331959999999,1002.1361959999999,0.0,0.0030000000000200144,0.02004082709209938,1.5096018388282038,2.491844595843717,0.2620000000000573,89.76005708454136,0.0164055828396037,0.02826581499942913,0.04482113876267459,0.06681832916141649,0.12877164951166653,0.21504889604328614,0.3230076611605568,0.20585484429074757,0.29146401911605635,0.3929153235299556,0.5063789652803466,0.7523347967941109,0.9870139170039447,1.183062363303753
25,-Y,1010.633196,1010.546196,0.0,0.01300000000001092,0.023235910024104082,1.4992574197160857,2.4463861692145366,0.23699999999996635,179.4311581655223,0.019902763681775126,0.03305252807223939,0.05093598251765465,0.07416409759282708,0.13783017622669647,0.2244310364684515,0.3313744695307958,0.2318818752218493,0.31910647517734225,0.4216584400937726,0.5342197162039276,0.7669164942585946,0.9854591568653874,1.1703412414702379
26,+X,1019.033196,1018.938196,0.0,0.004999999999972721,0.027725217805967244,1.4996412317827599,2.4827331058345234,0.23300000000006094,89.93158286264656,0.026943994555775543,0.043670827852679776,0.06571653496891539,0.09349674247931555,0.16678761295608072,0.26260759383255045,0.3777744374876622,0.28355003906436166,0.3838151146113994,0.49558631044153184,0.614102208072429,0.8506068253185533,1.060973420544955,1.233289529447911
27,-X,1027.433196,1027.356196,0.0,0.023000000000001825,0.0344800679684063,1.5388430104870636,2.4956221953007285,0.20499999999992724,179.51679888800558,0.03201188770238339,0.0505680150155387,0.07478203860312779,0.10503180114539701,0.18397455550573297,0.28586762447807756,0.4067193750048974,0.33564188878411466,0.4435589754425761,0.5609456906997825,0.6828834149201106,0.9265689767426956,1.1385945857202546,1.3049573471202922
28,?,1035.833196,1035.758196,0.0,0.02499999999995453,0.03506896887678123,1.4975564831637893,2.44937857987306,0.20000000000004547,,0.031111883887832845,0.049311721182289284,0.07304041585961207,0.10266080613474553,0.1799577863186989,0.2796521016466941,0.39780746630217234,0.3384459368435537,0.44453918255651015,0.5596764275866662,0.6789931175264534,0.9163549771991101,1.12365944704674,1.285127043319956
